GivenName,Surname,DisplayName,samAccountName,UserPrincipalName,Email
Levi,Rivera,Levi Rivera,lrivera3,lrivera3@academy.local,lrivera3@academy.local
Anya,Perez,Anya Perez,aperez4,aperez4@academy.local,aperez4@academy.local
William,White,William White,wwhite,wwhite@academy.local,wwhite@academy.local
Kamran,Ramirez,Kamran Ramirez,kramirez,kramirez@academy.local,kramirez@academy.local
Jack,Martinez,Jack Martinez,jmartinez2,jmartinez2@academy.local,jmartinez2@academy.local
Sanjay,Smith,Sanjay Smith,ssmith,ssmith@academy.local,ssmith@academy.local
Tural,Hasanov,Tural Hasanov,thasanov,thasanov@academy.local,thasanov@academy.local
Fatima,Sanchez,Fatima Sanchez,fsanchez,fsanchez@academy.local,fsanchez@academy.local
Avery,Yilmaz,Avery Yilmaz,ayilmaz2,ayilmaz2@academy.local,ayilmaz2@academy.local
Sara,Perez,Sara Perez,sperez,sperez@academy.local,sperez@academy.local
Hannah,Sanchez,Hannah Sanchez,hsanchez2,hsanchez2@academy.local,hsanchez2@academy.local
Hassan,Karimov,Hassan Karimov,hkarimov,hkarimov@academy.local,hkarimov@academy.local
Samuel,Esposito,Samuel Esposito,sesposito,sesposito@academy.local,sesposito@academy.local
Mateusz,Nowak,Mateusz Nowak,mnowak,mnowak@academy.local,mnowak@academy.local
Aaron,Lee,Aaron Lee,alee,alee@academy.local,alee@academy.local
Lucas,Walker,Lucas Walker,lwalker4,lwalker4@academy.local,lwalker4@academy.local
Joshua,Phillips,Joshua Phillips,jphillips,jphillips@academy.local,jphillips@academy.local
Abigail,Ward,Abigail Ward,award3,award3@academy.local,award3@academy.local
Lillian,D'Souza,Lillian D'Souza,ldsouza,ldsouza@academy.local,ldsouza@academy.local
Avery,Richardson,Avery Richardson,arichardson2,arichardson2@academy.local,arichardson2@academy.local
Sanjay,Moreau,Sanjay Moreau,smoreau,smoreau@academy.local,smoreau@academy.local
Onur,Morales,Onur Morales,omorales,omorales@academy.local,omorales@academy.local
Eleanor,Nguyen,Eleanor Nguyen,enguyen,enguyen@academy.local,enguyen@academy.local
Abigail,Ismayilov,Abigail Ismayilov,aismayilov,aismayilov@academy.local,aismayilov@academy.local
Kamran,Kowalski,Kamran Kowalski,kkowalski,kkowalski@academy.local,kkowalski@academy.local
Daniel,Ibragimov,Daniel Ibragimov,dibragimov,dibragimov@academy.local,dibragimov@academy.local
Robert,Kuznetsov,Robert Kuznetsov,rkuznetsov,rkuznetsov@academy.local,rkuznetsov@academy.local
Kanan,Dubois,Kanan Dubois,kdubois,kdubois@academy.local,kdubois@academy.local
Chloe,Sanchez,Chloe Sanchez,csanchez2,csanchez2@academy.local,csanchez2@academy.local
Madison,Guliyev,Madison Guliyev,mguliyev,mguliyev@academy.local,mguliyev@academy.local
Stella,Rahimov,Stella Rahimov,srahimov,srahimov@academy.local,srahimov@academy.local
Ali,Kim,Ali Kim,akim2,akim2@academy.local,akim2@academy.local
Tarik,Garcia,Tarik Garcia,tgarcia,tgarcia@academy.local,tgarcia@academy.local
Isla,Wright,Isla Wright,iwright,iwright@academy.local,iwright@academy.local
Sofia,Williams,Sofia Williams,swilliams,swilliams@academy.local,swilliams@academy.local
Grace,King,Grace King,gking,gking@academy.local,gking@academy.local
Ramil,Kaya,Ramil Kaya,rkaya,rkaya@academy.local,rkaya@academy.local
Mason,Carter,Mason Carter,mcarter,mcarter@academy.local,mcarter@academy.local
Samuel,Fernandez,Samuel Fernandez,sfernandez,sfernandez@academy.local,sfernandez@academy.local
Ramil,Novak,Ramil Novak,rnovak,rnovak@academy.local,rnovak@academy.local
Violet,Carter,Violet Carter,vcarter,vcarter@academy.local,vcarter@academy.local
Onur,Baker,Onur Baker,obaker,obaker@academy.local,obaker@academy.local
Willow,Ramirez,Willow Ramirez,wramirez,wramirez@academy.local,wramirez@academy.local
Violet,D'Souza,Violet D'Souza,vdsouza,vdsouza@academy.local,vdsouza@academy.local
Gabriel,Murphy,Gabriel Murphy,gmurphy,gmurphy@academy.local,gmurphy@academy.local
Kamran,Brown,Kamran Brown,kbrown,kbrown@academy.local,kbrown@academy.local
Jacob,Müller,Jacob Müller,jmuller,jmuller@academy.local,jmuller@academy.local
Ibrahim,Stewart,Ibrahim Stewart,istewart,istewart@academy.local,istewart@academy.local
Chloe,Cruz,Chloe Cruz,ccruz,ccruz@academy.local,ccruz@academy.local
Levi,Martin,Levi Martin,lmartin2,lmartin2@academy.local,lmartin2@academy.local
Isaac,Rossi,Isaac Rossi,irossi,irossi@academy.local,irossi@academy.local
Emin,Hall,Emin Hall,ehall,ehall@academy.local,ehall@academy.local
Aurora,Taylor,Aurora Taylor,ataylor3,ataylor3@academy.local,ataylor3@academy.local
Levi,Moreau,Levi Moreau,lmoreau2,lmoreau2@academy.local,lmoreau2@academy.local
Michael,Volkov,Michael Volkov,mvolkov,mvolkov@academy.local,mvolkov@academy.local
Emma,Mitchell,Emma Mitchell,emitchell3,emitchell3@academy.local,emitchell3@academy.local
Elena,Baker,Elena Baker,ebaker,ebaker@academy.local,ebaker@academy.local
Aysel,Williams,Aysel Williams,awilliams2,awilliams2@academy.local,awilliams2@academy.local
Aria,Diaz,Aria Diaz,adiaz,adiaz@academy.local,adiaz@academy.local
Scarlett,Brown,Scarlett Brown,sbrown,sbrown@academy.local,sbrown@academy.local
Logan,Sokolov,Logan Sokolov,lsokolov2,lsokolov2@academy.local,lsokolov2@academy.local
Andrew,Gonzalez,Andrew Gonzalez,agonzalez2,agonzalez2@academy.local,agonzalez2@academy.local
Hassan,Green,Hassan Green,hgreen,hgreen@academy.local,hgreen@academy.local
Logan,Esposito,Logan Esposito,lesposito2,lesposito2@academy.local,lesposito2@academy.local
Rashad,King,Rashad King,rking,rking@academy.local,rking@academy.local
Charlotte,Yilmaz,Charlotte Yilmaz,cyilmaz2,cyilmaz2@academy.local,cyilmaz2@academy.local
Can,Smith,Can Smith,csmith2,csmith2@academy.local,csmith2@academy.local
Diego,Yilmaz,Diego Yilmaz,dyilmaz,dyilmaz@academy.local,dyilmaz@academy.local
Sofia,Ismayilov,Sofia Ismayilov,sismayilov,sismayilov@academy.local,sismayilov@academy.local
Ian,Harris,Ian Harris,iharris,iharris@academy.local,iharris@academy.local
Ian,Gutierrez,Ian Gutierrez,igutierrez2,igutierrez2@academy.local,igutierrez2@academy.local
Carter,Hasanov,Carter Hasanov,chasanov2,chasanov2@academy.local,chasanov2@academy.local
Aysel,Brown,Aysel Brown,abrown,abrown@academy.local,abrown@academy.local
Mehmet,Ramirez,Mehmet Ramirez,mramirez2,mramirez2@academy.local,mramirez2@academy.local
Ezra,Smith,Ezra Smith,esmith2,esmith2@academy.local,esmith2@academy.local
Gabriel,Dangelo,Gabriel Dangelo,gdangelo,gdangelo@academy.local,gdangelo@academy.local
Zoey,Bennett,Zoey Bennett,zbennett,zbennett@academy.local,zbennett@academy.local
Lincoln,Taghiyev,Lincoln Taghiyev,ltaghiyev2,ltaghiyev2@academy.local,ltaghiyev2@academy.local
Ibrahim,Parker,Ibrahim Parker,iparker,iparker@academy.local,iparker@academy.local
Noah,Davis,Noah Davis,ndavis,ndavis@academy.local,ndavis@academy.local
Abigail,Volkov,Abigail Volkov,avolkov3,avolkov3@academy.local,avolkov3@academy.local
Ruby,Wright,Ruby Wright,rwright2,rwright2@academy.local,rwright2@academy.local
Evelyn,Rossi,Evelyn Rossi,erossi,erossi@academy.local,erossi@academy.local
Onur,Weber,Onur Weber,oweber,oweber@academy.local,oweber@academy.local
Ivy,Hasanov,Ivy Hasanov,ihasanov,ihasanov@academy.local,ihasanov@academy.local
Hao,Gutierrez,Hao Gutierrez,hgutierrez,hgutierrez@academy.local,hgutierrez@academy.local
Jin,Nowak,Jin Nowak,jnowak2,jnowak2@academy.local,jnowak2@academy.local
Elena,Kowalski,Elena Kowalski,ekowalski,ekowalski@academy.local,ekowalski@academy.local
Zoe,Novak,Zoe Novak,znovak,znovak@academy.local,znovak@academy.local
Claire,Mitchell,Claire Mitchell,cmitchell2,cmitchell2@academy.local,cmitchell2@academy.local
Zain,Perez,Zain Perez,zperez,zperez@academy.local,zperez@academy.local
Onur,Nelson,Onur Nelson,onelson,onelson@academy.local,onelson@academy.local
Mason,Campbell,Mason Campbell,mcampbell2,mcampbell2@academy.local,mcampbell2@academy.local
Elijah,Cook,Elijah Cook,ecook2,ecook2@academy.local,ecook2@academy.local
Emilia,Hall,Emilia Hall,ehall2,ehall2@academy.local,ehall2@academy.local
Lucy,Sanchez,Lucy Sanchez,lsanchez3,lsanchez3@academy.local,lsanchez3@academy.local
Emre,Martin,Emre Martin,emartin4,emartin4@academy.local,emartin4@academy.local
Ahmed,Greco,Ahmed Greco,agreco2,agreco2@academy.local,agreco2@academy.local
Ahmed,Ward,Ahmed Ward,award4,award4@academy.local,award4@academy.local
Stella,Weber,Stella Weber,sweber3,sweber3@academy.local,sweber3@academy.local
Lily,O'Connor,Lily O'Connor,loconnor,loconnor@academy.local,loconnor@academy.local
Julian,Gutierrez,Julian Gutierrez,jgutierrez,jgutierrez@academy.local,jgutierrez@academy.local
Ella,Martinez,Ella Martinez,emartinez,emartinez@academy.local,emartinez@academy.local
Andrew,Sokolov,Andrew Sokolov,asokolov,asokolov@academy.local,asokolov@academy.local
Ella,Esposito,Ella Esposito,eesposito2,eesposito2@academy.local,eesposito2@academy.local
James,Volkov,James Volkov,jvolkov2,jvolkov2@academy.local,jvolkov2@academy.local
Ivy,Thompson,Ivy Thompson,ithompson2,ithompson2@academy.local,ithompson2@academy.local
Sven,Ivanov,Sven Ivanov,sivanov,sivanov@academy.local,sivanov@academy.local
Alexander,Costa,Alexander Costa,acosta2,acosta2@academy.local,acosta2@academy.local
Emin,Kowalski,Emin Kowalski,ekowalski2,ekowalski2@academy.local,ekowalski2@academy.local
Owen,Demir,Owen Demir,odemir,odemir@academy.local,odemir@academy.local
Orkhan,Hasanov,Orkhan Hasanov,ohasanov,ohasanov@academy.local,ohasanov@academy.local
Sophia,Edwards,Sophia Edwards,sedwards2,sedwards2@academy.local,sedwards2@academy.local
Emilia,Mitchell,Emilia Mitchell,emitchell4,emitchell4@academy.local,emitchell4@academy.local
Luna,Cook,Luna Cook,lcook2,lcook2@academy.local,lcook2@academy.local
Leo,Guliyev,Leo Guliyev,lguliyev3,lguliyev3@academy.local,lguliyev3@academy.local
David,Schmidt,David Schmidt,dschmidt,dschmidt@academy.local,dschmidt@academy.local
Elijah,Clark,Elijah Clark,eclark2,eclark2@academy.local,eclark2@academy.local
Rashad,Turner,Rashad Turner,rturner,rturner@academy.local,rturner@academy.local
Sven,Fernandez,Sven Fernandez,sfernandez2,sfernandez2@academy.local,sfernandez2@academy.local
Ellie,Silva,Ellie Silva,esilva3,esilva3@academy.local,esilva3@academy.local
Victoria,Greco,Victoria Greco,vgreco,vgreco@academy.local,vgreco@academy.local
Ellie,Greco,Ellie Greco,egreco2,egreco2@academy.local,egreco2@academy.local
Arjun,Wilson,Arjun Wilson,awilson3,awilson3@academy.local,awilson3@academy.local
Sofia,Esposito,Sofia Esposito,sesposito2,sesposito2@academy.local,sesposito2@academy.local
Mason,Lopez,Mason Lopez,mlopez,mlopez@academy.local,mlopez@academy.local
Emma,Lefevre,Emma Lefevre,elefevre,elefevre@academy.local,elefevre@academy.local
Isabella,Jones,Isabella Jones,ijones,ijones@academy.local,ijones@academy.local
Isaac,Gonzalez,Isaac Gonzalez,igonzalez,igonzalez@academy.local,igonzalez@academy.local
Sevinc,Hill,Sevinc Hill,shill3,shill3@academy.local,shill3@academy.local
Avery,Martinez,Avery Martinez,amartinez2,amartinez2@academy.local,amartinez2@academy.local
Avery,Guliyev,Avery Guliyev,aguliyev4,aguliyev4@academy.local,aguliyev4@academy.local
Aurora,Fernandez,Aurora Fernandez,afernandez3,afernandez3@academy.local,afernandez3@academy.local
Kamran,King,Kamran King,kking,kking@academy.local,kking@academy.local
Aaron,Rossi,Aaron Rossi,arossi,arossi@academy.local,arossi@academy.local
Leo,Baker,Leo Baker,lbaker,lbaker@academy.local,lbaker@academy.local
Mason,Rahimov,Mason Rahimov,mrahimov4,mrahimov4@academy.local,mrahimov4@academy.local
Claire,Hernandez,Claire Hernandez,chernandez2,chernandez2@academy.local,chernandez2@academy.local
Matthew,Howard,Matthew Howard,mhoward,mhoward@academy.local,mhoward@academy.local
Victoria,Ismayilov,Victoria Ismayilov,vismayilov,vismayilov@academy.local,vismayilov@academy.local
Alice,Dubois,Alice Dubois,adubois2,adubois2@academy.local,adubois2@academy.local
Stella,Agayev,Stella Agayev,sagayev,sagayev@academy.local,sagayev@academy.local
Ivy,Robinson,Ivy Robinson,irobinson,irobinson@academy.local,irobinson@academy.local
Daniel,Mammadov,Daniel Mammadov,dmammadov2,dmammadov2@academy.local,dmammadov2@academy.local
Eliana,Davis,Eliana Davis,edavis,edavis@academy.local,edavis@academy.local
Ivy,Rasulov,Ivy Rasulov,irasulov,irasulov@academy.local,irasulov@academy.local
Charlotte,Weber,Charlotte Weber,cweber2,cweber2@academy.local,cweber2@academy.local
Isaiah,Jimenez,Isaiah Jimenez,ijimenez,ijimenez@academy.local,ijimenez@academy.local
Hannah,Anderson,Hannah Anderson,handerson,handerson@academy.local,handerson@academy.local
Owen,Bailey,Owen Bailey,obailey,obailey@academy.local,obailey@academy.local
Emin,Nguyen,Emin Nguyen,enguyen2,enguyen2@academy.local,enguyen2@academy.local
Isaac,Abbasov,Isaac Abbasov,iabbasov,iabbasov@academy.local,iabbasov@academy.local
Gunel,Miller,Gunel Miller,gmiller,gmiller@academy.local,gmiller@academy.local
Ethan,Petrov,Ethan Petrov,epetrov2,epetrov2@academy.local,epetrov2@academy.local
Ethan,Stewart,Ethan Stewart,estewart2,estewart2@academy.local,estewart2@academy.local
Michael,Nowak,Michael Nowak,mnowak2,mnowak2@academy.local,mnowak2@academy.local
Zain,Kaya,Zain Kaya,zkaya,zkaya@academy.local,zkaya@academy.local
Aysel,Adams,Aysel Adams,aadams4,aadams4@academy.local,aadams4@academy.local
Evelyn,Young,Evelyn Young,eyoung2,eyoung2@academy.local,eyoung2@academy.local
Gabriel,Turner,Gabriel Turner,gturner,gturner@academy.local,gturner@academy.local
Nora,Dangelo,Nora Dangelo,ndangelo2,ndangelo2@academy.local,ndangelo2@academy.local
Yuki,Cooper,Yuki Cooper,ycooper,ycooper@academy.local,ycooper@academy.local
Onur,Kuznetsov,Onur Kuznetsov,okuznetsov,okuznetsov@academy.local,okuznetsov@academy.local
Hassan,Torres,Hassan Torres,htorres2,htorres2@academy.local,htorres2@academy.local
Amelia,Rivera,Amelia Rivera,arivera,arivera@academy.local,arivera@academy.local
Jack,Lewis,Jack Lewis,jlewis,jlewis@academy.local,jlewis@academy.local
Elizabeth,Rossi,Elizabeth Rossi,erossi2,erossi2@academy.local,erossi2@academy.local
Hazel,Fernandez,Hazel Fernandez,hfernandez2,hfernandez2@academy.local,hfernandez2@academy.local
Narmin,Hasanov,Narmin Hasanov,nhasanov3,nhasanov3@academy.local,nhasanov3@academy.local
Gunel,Wood,Gunel Wood,gwood2,gwood2@academy.local,gwood2@academy.local
Sven,Walker,Sven Walker,swalker,swalker@academy.local,swalker@academy.local
Liam,Jimenez,Liam Jimenez,ljimenez3,ljimenez3@academy.local,ljimenez3@academy.local
Ahmed,James,Ahmed James,ajames2,ajames2@academy.local,ajames2@academy.local
Aslan,Jones,Aslan Jones,ajones2,ajones2@academy.local,ajones2@academy.local
Lucy,Hall,Lucy Hall,lhall2,lhall2@academy.local,lhall2@academy.local
Lars,Collins,Lars Collins,lcollins,lcollins@academy.local,lcollins@academy.local
Anar,Taylor,Anar Taylor,ataylor4,ataylor4@academy.local,ataylor4@academy.local
Riley,Rossi,Riley Rossi,rrossi,rrossi@academy.local,rrossi@academy.local
Lars,Robinson,Lars Robinson,lrobinson,lrobinson@academy.local,lrobinson@academy.local
Ulvi,Alvarez,Ulvi Alvarez,ualvarez,ualvarez@academy.local,ualvarez@academy.local
Alice,Lee,Alice Lee,alee2,alee2@academy.local,alee2@academy.local
Ahmed,Flores,Ahmed Flores,aflores2,aflores2@academy.local,aflores2@academy.local
Alice,Rodriguez,Alice Rodriguez,arodriguez,arodriguez@academy.local,arodriguez@academy.local
Alexander,Mitchell,Alexander Mitchell,amitchell3,amitchell3@academy.local,amitchell3@academy.local
Jin,Evans,Jin Evans,jevans2,jevans2@academy.local,jevans2@academy.local
Madison,Scott,Madison Scott,mscott,mscott@academy.local,mscott@academy.local
Hazel,Hill,Hazel Hill,hhill,hhill@academy.local,hhill@academy.local
Aslan,Roberts,Aslan Roberts,aroberts4,aroberts4@academy.local,aroberts4@academy.local
Robert,Rivera,Robert Rivera,rrivera,rrivera@academy.local,rrivera@academy.local
Daniel,Reyes,Daniel Reyes,dreyes,dreyes@academy.local,dreyes@academy.local
Aisha,Kowalski,Aisha Kowalski,akowalski2,akowalski2@academy.local,akowalski2@academy.local
Gianna,Gutierrez,Gianna Gutierrez,ggutierrez,ggutierrez@academy.local,ggutierrez@academy.local
Mia,Ozturk,Mia Ozturk,mozturk,mozturk@academy.local,mozturk@academy.local
Carlos,Torres,Carlos Torres,ctorres2,ctorres2@academy.local,ctorres2@academy.local
Aaron,Schmidt,Aaron Schmidt,aschmidt,aschmidt@academy.local,aschmidt@academy.local
Jackson,Perez,Jackson Perez,jperez,jperez@academy.local,jperez@academy.local
Ruby,Esposito,Ruby Esposito,resposito,resposito@academy.local,resposito@academy.local
Isabella,Phillips,Isabella Phillips,iphillips,iphillips@academy.local,iphillips@academy.local
Orkhan,Bennett,Orkhan Bennett,obennett2,obennett2@academy.local,obennett2@academy.local
Andrew,Weber,Andrew Weber,aweber2,aweber2@academy.local,aweber2@academy.local
Joshua,Bianchi,Joshua Bianchi,jbianchi,jbianchi@academy.local,jbianchi@academy.local
David,King,David King,dking,dking@academy.local,dking@academy.local
Alice,Ortiz,Alice Ortiz,aortiz4,aortiz4@academy.local,aortiz4@academy.local
Noah,Turner,Noah Turner,nturner,nturner@academy.local,nturner@academy.local
Harper,Kelly,Harper Kelly,hkelly,hkelly@academy.local,hkelly@academy.local
Hassan,Esposito,Hassan Esposito,hesposito,hesposito@academy.local,hesposito@academy.local
Penelope,Mammadov,Penelope Mammadov,pmammadov,pmammadov@academy.local,pmammadov@academy.local
Everly,Ortiz,Everly Ortiz,eortiz2,eortiz2@academy.local,eortiz2@academy.local
Ava,Morales,Ava Morales,amorales,amorales@academy.local,amorales@academy.local
Orkhan,Morris,Orkhan Morris,omorris,omorris@academy.local,omorris@academy.local
Sevinc,Greco,Sevinc Greco,sgreco2,sgreco2@academy.local,sgreco2@academy.local
Mateusz,Garcia,Mateusz Garcia,mgarcia,mgarcia@academy.local,mgarcia@academy.local
Harper,Carter,Harper Carter,hcarter,hcarter@academy.local,hcarter@academy.local
Fatima,Thomas,Fatima Thomas,fthomas,fthomas@academy.local,fthomas@academy.local
Mia,Torres,Mia Torres,mtorres,mtorres@academy.local,mtorres@academy.local
Lucy,Chavez,Lucy Chavez,lchavez2,lchavez2@academy.local,lchavez2@academy.local
Victoria,Anderson,Victoria Anderson,vanderson,vanderson@academy.local,vanderson@academy.local
Miles,Weber,Miles Weber,mweber4,mweber4@academy.local,mweber4@academy.local
Zain,Gonzalez,Zain Gonzalez,zgonzalez,zgonzalez@academy.local,zgonzalez@academy.local
Nathan,Silva,Nathan Silva,nsilva,nsilva@academy.local,nsilva@academy.local
Henry,Parker,Henry Parker,hparker2,hparker2@academy.local,hparker2@academy.local
Aysel,Popov,Aysel Popov,apopov2,apopov2@academy.local,apopov2@academy.local
James,Hernandez,James Hernandez,jhernandez2,jhernandez2@academy.local,jhernandez2@academy.local
Onur,Cooper,Onur Cooper,ocooper2,ocooper2@academy.local,ocooper2@academy.local
Ellie,Nowak,Ellie Nowak,enowak,enowak@academy.local,enowak@academy.local
Ezra,Kowalski,Ezra Kowalski,ekowalski3,ekowalski3@academy.local,ekowalski3@academy.local
Leo,Brooks,Leo Brooks,lbrooks4,lbrooks4@academy.local,lbrooks4@academy.local
Yuki,Wood,Yuki Wood,ywood,ywood@academy.local,ywood@academy.local
Elena,Garcia-Lopez,Elena Garcia-Lopez,egarcialopez2,egarcialopez2@academy.local,egarcialopez2@academy.local
Scarlett,Ivanov,Scarlett Ivanov,sivanov2,sivanov2@academy.local,sivanov2@academy.local
Camila,Hasanov,Camila Hasanov,chasanov3,chasanov3@academy.local,chasanov3@academy.local
Hannah,Hasanov,Hannah Hasanov,hhasanov,hhasanov@academy.local,hhasanov@academy.local
Ella,Rodriguez,Ella Rodriguez,erodriguez,erodriguez@academy.local,erodriguez@academy.local
Sofia,Cox,Sofia Cox,scox,scox@academy.local,scox@academy.local
Abigail,Hernandez,Abigail Hernandez,ahernandez,ahernandez@academy.local,ahernandez@academy.local
David,Morales,David Morales,dmorales,dmorales@academy.local,dmorales@academy.local
Min,Agayev,Min Agayev,magayev4,magayev4@academy.local,magayev4@academy.local
Oliver,Garcia,Oliver Garcia,ogarcia,ogarcia@academy.local,ogarcia@academy.local
Orkhan,Moreau,Orkhan Moreau,omoreau,omoreau@academy.local,omoreau@academy.local
Zoey,White,Zoey White,zwhite,zwhite@academy.local,zwhite@academy.local
Daniel,Torres,Daniel Torres,dtorres,dtorres@academy.local,dtorres@academy.local
Ivy,Hernandez,Ivy Hernandez,ihernandez,ihernandez@academy.local,ihernandez@academy.local
Levi,Demir,Levi Demir,ldemir2,ldemir2@academy.local,ldemir2@academy.local
Arjun,Agayev,Arjun Agayev,aagayev2,aagayev2@academy.local,aagayev2@academy.local
Kenji,Abbasov,Kenji Abbasov,kabbasov,kabbasov@academy.local,kabbasov@academy.local
Benjamin,Hasanov,Benjamin Hasanov,bhasanov,bhasanov@academy.local,bhasanov@academy.local
Nathan,Garcia-Lopez,Nathan Garcia-Lopez,ngarcialopez,ngarcialopez@academy.local,ngarcialopez@academy.local
Ella,Smirnov,Ella Smirnov,esmirnov,esmirnov@academy.local,esmirnov@academy.local
Sanjay,Rogers,Sanjay Rogers,srogers2,srogers2@academy.local,srogers2@academy.local
Yuki,Campbell,Yuki Campbell,ycampbell,ycampbell@academy.local,ycampbell@academy.local
Leo,Fernandez,Leo Fernandez,lfernandez4,lfernandez4@academy.local,lfernandez4@academy.local
Ivy,Miller,Ivy Miller,imiller,imiller@academy.local,imiller@academy.local
Stella,Anderson,Stella Anderson,sanderson,sanderson@academy.local,sanderson@academy.local
Maria,Cruz,Maria Cruz,mcruz,mcruz@academy.local,mcruz@academy.local
Elvin,Demir,Elvin Demir,edemir3,edemir3@academy.local,edemir3@academy.local
Zoe,Rivera,Zoe Rivera,zrivera,zrivera@academy.local,zrivera@academy.local
Ibrahim,Kelly,Ibrahim Kelly,ikelly,ikelly@academy.local,ikelly@academy.local
Emily,Baker,Emily Baker,ebaker2,ebaker2@academy.local,ebaker2@academy.local
Anya,Rivera,Anya Rivera,arivera2,arivera2@academy.local,arivera2@academy.local
Elena,Smirnov,Elena Smirnov,esmirnov2,esmirnov2@academy.local,esmirnov2@academy.local
Jacob,Aliyev,Jacob Aliyev,jaliyev2,jaliyev2@academy.local,jaliyev2@academy.local
Ezra,Ibragimov,Ezra Ibragimov,eibragimov2,eibragimov2@academy.local,eibragimov2@academy.local
Narmin,Martin,Narmin Martin,nmartin,nmartin@academy.local,nmartin@academy.local
Audrey,Parker,Audrey Parker,aparker3,aparker3@academy.local,aparker3@academy.local
Grace,Gutierrez,Grace Gutierrez,ggutierrez2,ggutierrez2@academy.local,ggutierrez2@academy.local
Priya,Morgan,Priya Morgan,pmorgan,pmorgan@academy.local,pmorgan@academy.local
Eli,Popov,Eli Popov,epopov2,epopov2@academy.local,epopov2@academy.local
Vugar,Alvarez,Vugar Alvarez,valvarez,valvarez@academy.local,valvarez@academy.local
Can,Sokolov,Can Sokolov,csokolov,csokolov@academy.local,csokolov@academy.local
Jin,Rahimov,Jin Rahimov,jrahimov,jrahimov@academy.local,jrahimov@academy.local
Sofia,Parker,Sofia Parker,sparker,sparker@academy.local,sparker@academy.local
Charlotte,Garcia,Charlotte Garcia,cgarcia4,cgarcia4@academy.local,cgarcia4@academy.local
Madison,Young,Madison Young,myoung,myoung@academy.local,myoung@academy.local
Chloe,Garcia-Lopez,Chloe Garcia-Lopez,cgarcialopez,cgarcialopez@academy.local,cgarcialopez@academy.local
Charles,Dangelo,Charles Dangelo,cdangelo2,cdangelo2@academy.local,cdangelo2@academy.local
Leo,Martinez,Leo Martinez,lmartinez2,lmartinez2@academy.local,lmartinez2@academy.local
Oliver,Collins,Oliver Collins,ocollins,ocollins@academy.local,ocollins@academy.local
Benjamin,Clark,Benjamin Clark,bclark,bclark@academy.local,bclark@academy.local
Lily,Morgan,Lily Morgan,lmorgan,lmorgan@academy.local,lmorgan@academy.local
Jack,Walker,Jack Walker,jwalker,jwalker@academy.local,jwalker@academy.local
Farid,Nguyen,Farid Nguyen,fnguyen,fnguyen@academy.local,fnguyen@academy.local
Willow,Kaya,Willow Kaya,wkaya,wkaya@academy.local,wkaya@academy.local
Emilia,Williams,Emilia Williams,ewilliams2,ewilliams2@academy.local,ewilliams2@academy.local
Ryan,Allen,Ryan Allen,rallen,rallen@academy.local,rallen@academy.local
Nathan,Lefevre,Nathan Lefevre,nlefevre,nlefevre@academy.local,nlefevre@academy.local
Mehmet,Huseynov,Mehmet Huseynov,mhuseynov2,mhuseynov2@academy.local,mhuseynov2@academy.local
Vugar,Torres,Vugar Torres,vtorres,vtorres@academy.local,vtorres@academy.local
Lucy,Murphy,Lucy Murphy,lmurphy,lmurphy@academy.local,lmurphy@academy.local
Lars,Rasulov,Lars Rasulov,lrasulov2,lrasulov2@academy.local,lrasulov2@academy.local
Emma,Thomas,Emma Thomas,ethomas,ethomas@academy.local,ethomas@academy.local
Jin,Green,Jin Green,jgreen,jgreen@academy.local,jgreen@academy.local
Stella,Baker,Stella Baker,sbaker,sbaker@academy.local,sbaker@academy.local
Zoey,Ismayilov,Zoey Ismayilov,zismayilov,zismayilov@academy.local,zismayilov@academy.local
Joshua,Allen,Joshua Allen,jallen2,jallen2@academy.local,jallen2@academy.local
Diego,Miller,Diego Miller,dmiller,dmiller@academy.local,dmiller@academy.local
Javid,Kuznetsov,Javid Kuznetsov,jkuznetsov3,jkuznetsov3@academy.local,jkuznetsov3@academy.local
Emily,Rossi,Emily Rossi,erossi3,erossi3@academy.local,erossi3@academy.local
Ibrahim,Rogers,Ibrahim Rogers,irogers2,irogers2@academy.local,irogers2@academy.local
Lucas,Roberts,Lucas Roberts,lroberts,lroberts@academy.local,lroberts@academy.local
Daniel,Taghiyev,Daniel Taghiyev,dtaghiyev,dtaghiyev@academy.local,dtaghiyev@academy.local
Emma,Lewis,Emma Lewis,elewis2,elewis2@academy.local,elewis2@academy.local
Eli,Müller,Eli Müller,emuller3,emuller3@academy.local,emuller3@academy.local
Penelope,Ward,Penelope Ward,pward,pward@academy.local,pward@academy.local
Can,Rossi,Can Rossi,crossi,crossi@academy.local,crossi@academy.local
Evelyn,Walker,Evelyn Walker,ewalker3,ewalker3@academy.local,ewalker3@academy.local
Sanjay,Carter,Sanjay Carter,scarter2,scarter2@academy.local,scarter2@academy.local
Jin,White,Jin White,jwhite,jwhite@academy.local,jwhite@academy.local
Gabriel,Kelly,Gabriel Kelly,gkelly,gkelly@academy.local,gkelly@academy.local
Yusuf,Karimov,Yusuf Karimov,ykarimov,ykarimov@academy.local,ykarimov@academy.local
Hiro,Adams,Hiro Adams,hadams,hadams@academy.local,hadams@academy.local
Lily,Wilson,Lily Wilson,lwilson,lwilson@academy.local,lwilson@academy.local
Gianna,Mammadov,Gianna Mammadov,gmammadov,gmammadov@academy.local,gmammadov@academy.local
Yuki,O'Connor,Yuki O'Connor,yoconnor,yoconnor@academy.local,yoconnor@academy.local
Isaac,Wood,Isaac Wood,iwood,iwood@academy.local,iwood@academy.local
Jackson,Robinson,Jackson Robinson,jrobinson,jrobinson@academy.local,jrobinson@academy.local
Ivy,Smith,Ivy Smith,ismith,ismith@academy.local,ismith@academy.local
Amelia,Gutierrez,Amelia Gutierrez,agutierrez3,agutierrez3@academy.local,agutierrez3@academy.local
Mila,Johnson,Mila Johnson,mjohnson,mjohnson@academy.local,mjohnson@academy.local
Henry,James,Henry James,hjames2,hjames2@academy.local,hjames2@academy.local
Lincoln,Martin,Lincoln Martin,lmartin3,lmartin3@academy.local,lmartin3@academy.local
Kamran,Petrov,Kamran Petrov,kpetrov,kpetrov@academy.local,kpetrov@academy.local
Sven,Bennett,Sven Bennett,sbennett2,sbennett2@academy.local,sbennett2@academy.local
Alexander,White,Alexander White,awhite,awhite@academy.local,awhite@academy.local
Yusuf,Taghiyev,Yusuf Taghiyev,ytaghiyev,ytaghiyev@academy.local,ytaghiyev@academy.local
Zoe,Kaya,Zoe Kaya,zkaya2,zkaya2@academy.local,zkaya2@academy.local
Anya,Johnson,Anya Johnson,ajohnson3,ajohnson3@academy.local,ajohnson3@academy.local
Sophia,Cooper,Sophia Cooper,scooper,scooper@academy.local,scooper@academy.local
Javid,Sokolov,Javid Sokolov,jsokolov,jsokolov@academy.local,jsokolov@academy.local
Mason,Popov,Mason Popov,mpopov2,mpopov2@academy.local,mpopov2@academy.local
Caleb,Rossi,Caleb Rossi,crossi2,crossi2@academy.local,crossi2@academy.local
Andrew,Campbell,Andrew Campbell,acampbell2,acampbell2@academy.local,acampbell2@academy.local
Chloe,Brown,Chloe Brown,cbrown,cbrown@academy.local,cbrown@academy.local
Luna,Gomez,Luna Gomez,lgomez,lgomez@academy.local,lgomez@academy.local
Ulvi,Flores,Ulvi Flores,uflores,uflores@academy.local,uflores@academy.local
Lily,Nguyen,Lily Nguyen,lnguyen,lnguyen@academy.local,lnguyen@academy.local
Isabella,Guliyev,Isabella Guliyev,iguliyev,iguliyev@academy.local,iguliyev@academy.local
Yuki,Torres,Yuki Torres,ytorres,ytorres@academy.local,ytorres@academy.local
Nathan,Lewis,Nathan Lewis,nlewis,nlewis@academy.local,nlewis@academy.local
Olivia,Gutierrez,Olivia Gutierrez,ogutierrez,ogutierrez@academy.local,ogutierrez@academy.local
Claire,Agayev,Claire Agayev,cagayev,cagayev@academy.local,cagayev@academy.local
Elijah,Cruz,Elijah Cruz,ecruz,ecruz@academy.local,ecruz@academy.local
Aiden,Kuznetsov,Aiden Kuznetsov,akuznetsov2,akuznetsov2@academy.local,akuznetsov2@academy.local
Lars,Lee,Lars Lee,llee3,llee3@academy.local,llee3@academy.local
Victoria,Nowak,Victoria Nowak,vnowak,vnowak@academy.local,vnowak@academy.local
Isaac,Martinez,Isaac Martinez,imartinez,imartinez@academy.local,imartinez@academy.local
Mehmet,Lefevre,Mehmet Lefevre,mlefevre4,mlefevre4@academy.local,mlefevre4@academy.local
Mateusz,Chavez,Mateusz Chavez,mchavez,mchavez@academy.local,mchavez@academy.local
Levi,King,Levi King,lking,lking@academy.local,lking@academy.local
Omar,Gonzalez,Omar Gonzalez,ogonzalez,ogonzalez@academy.local,ogonzalez@academy.local
Zain,Roberts,Zain Roberts,zroberts,zroberts@academy.local,zroberts@academy.local
Gabriel,Chavez,Gabriel Chavez,gchavez,gchavez@academy.local,gchavez@academy.local
Elijah,Weber,Elijah Weber,eweber3,eweber3@academy.local,eweber3@academy.local
Victoria,Allen,Victoria Allen,vallen,vallen@academy.local,vallen@academy.local
Scarlett,O'Connor,Scarlett O'Connor,soconnor3,soconnor3@academy.local,soconnor3@academy.local
Ibrahim,Gutierrez,Ibrahim Gutierrez,igutierrez3,igutierrez3@academy.local,igutierrez3@academy.local
Oliver,Wright,Oliver Wright,owright,owright@academy.local,owright@academy.local
Narmin,Novak,Narmin Novak,nnovak,nnovak@academy.local,nnovak@academy.local
Murad,Rodriguez,Murad Rodriguez,mrodriguez,mrodriguez@academy.local,mrodriguez@academy.local
Penelope,Cook,Penelope Cook,pcook,pcook@academy.local,pcook@academy.local
Zain,Fernandez,Zain Fernandez,zfernandez,zfernandez@academy.local,zfernandez@academy.local
Fatima,Richardson,Fatima Richardson,frichardson,frichardson@academy.local,frichardson@academy.local
Theodore,Stewart,Theodore Stewart,tstewart,tstewart@academy.local,tstewart@academy.local
Sergei,Allen,Sergei Allen,sallen,sallen@academy.local,sallen@academy.local
Claire,Jimenez,Claire Jimenez,cjimenez,cjimenez@academy.local,cjimenez@academy.local
Eliana,Guliyev,Eliana Guliyev,eguliyev,eguliyev@academy.local,eguliyev@academy.local
Sven,D'Souza,Sven D'Souza,sdsouza,sdsouza@academy.local,sdsouza@academy.local
Zain,Morgan,Zain Morgan,zmorgan,zmorgan@academy.local,zmorgan@academy.local
Ruby,Ozturk,Ruby Ozturk,rozturk,rozturk@academy.local,rozturk@academy.local
Lillian,Guliyev,Lillian Guliyev,lguliyev4,lguliyev4@academy.local,lguliyev4@academy.local
Priya,Weber,Priya Weber,pweber,pweber@academy.local,pweber@academy.local
Rashad,Murphy,Rashad Murphy,rmurphy,rmurphy@academy.local,rmurphy@academy.local
Orkhan,Wood,Orkhan Wood,owood,owood@academy.local,owood@academy.local
Everly,Ramos,Everly Ramos,eramos,eramos@academy.local,eramos@academy.local
Anar,Rossi,Anar Rossi,arossi2,arossi2@academy.local,arossi2@academy.local
Wei,Kuznetsov,Wei Kuznetsov,wkuznetsov,wkuznetsov@academy.local,wkuznetsov@academy.local
Aiden,Lee,Aiden Lee,alee3,alee3@academy.local,alee3@academy.local
Layla,Brooks,Layla Brooks,lbrooks5,lbrooks5@academy.local,lbrooks5@academy.local
Anar,Bailey,Anar Bailey,abailey,abailey@academy.local,abailey@academy.local
Lucy,Thompson,Lucy Thompson,lthompson3,lthompson3@academy.local,lthompson3@academy.local
Samuel,Murphy,Samuel Murphy,smurphy,smurphy@academy.local,smurphy@academy.local
Min,Guliyev,Min Guliyev,mguliyev2,mguliyev2@academy.local,mguliyev2@academy.local
Alexander,Karimov,Alexander Karimov,akarimov2,akarimov2@academy.local,akarimov2@academy.local
Emre,Agayev,Emre Agayev,eagayev2,eagayev2@academy.local,eagayev2@academy.local
Lars,Gomez,Lars Gomez,lgomez2,lgomez2@academy.local,lgomez2@academy.local
Sofia,Robinson,Sofia Robinson,srobinson,srobinson@academy.local,srobinson@academy.local
Ethan,Ramirez,Ethan Ramirez,eramirez,eramirez@academy.local,eramirez@academy.local
Can,Agayev,Can Agayev,cagayev2,cagayev2@academy.local,cagayev2@academy.local
Isaiah,Robinson,Isaiah Robinson,irobinson2,irobinson2@academy.local,irobinson2@academy.local
Eliana,Jones,Eliana Jones,ejones2,ejones2@academy.local,ejones2@academy.local
Fatima,Lopez,Fatima Lopez,flopez,flopez@academy.local,flopez@academy.local
Ezra,Sanchez,Ezra Sanchez,esanchez3,esanchez3@academy.local,esanchez3@academy.local
Cameron,Rodriguez,Cameron Rodriguez,crodriguez,crodriguez@academy.local,crodriguez@academy.local
Min,White,Min White,mwhite,mwhite@academy.local,mwhite@academy.local
Murad,Green,Murad Green,mgreen,mgreen@academy.local,mgreen@academy.local
Sven,Demir,Sven Demir,sdemir,sdemir@academy.local,sdemir@academy.local
Aiden,Weber,Aiden Weber,aweber3,aweber3@academy.local,aweber3@academy.local
Theodore,King,Theodore King,tking,tking@academy.local,tking@academy.local
Olivia,Smith,Olivia Smith,osmith,osmith@academy.local,osmith@academy.local
Abigail,Jimenez,Abigail Jimenez,ajimenez2,ajimenez2@academy.local,ajimenez2@academy.local
Arjun,Collins,Arjun Collins,acollins,acollins@academy.local,acollins@academy.local
Madison,Wright,Madison Wright,mwright2,mwright2@academy.local,mwright2@academy.local
Benjamin,Baker,Benjamin Baker,bbaker,bbaker@academy.local,bbaker@academy.local
Mateusz,Allen,Mateusz Allen,mallen,mallen@academy.local,mallen@academy.local
Aurora,Hernandez,Aurora Hernandez,ahernandez2,ahernandez2@academy.local,ahernandez2@academy.local
Can,Perez,Can Perez,cperez,cperez@academy.local,cperez@academy.local
Caleb,Lefevre,Caleb Lefevre,clefevre,clefevre@academy.local,clefevre@academy.local
Kenji,Reyes,Kenji Reyes,kreyes,kreyes@academy.local,kreyes@academy.local
Alexander,Baker,Alexander Baker,abaker,abaker@academy.local,abaker@academy.local
Layla,Ortiz,Layla Ortiz,lortiz,lortiz@academy.local,lortiz@academy.local
Ali,Taghiyev,Ali Taghiyev,ataghiyev5,ataghiyev5@academy.local,ataghiyev5@academy.local
Mason,Peterson,Mason Peterson,mpeterson2,mpeterson2@academy.local,mpeterson2@academy.local
Ellie,Baker,Ellie Baker,ebaker3,ebaker3@academy.local,ebaker3@academy.local
Scarlett,Hernandez,Scarlett Hernandez,shernandez5,shernandez5@academy.local,shernandez5@academy.local
Zain,Nowak,Zain Nowak,znowak2,znowak2@academy.local,znowak2@academy.local
Avery,Dubois,Avery Dubois,adubois3,adubois3@academy.local,adubois3@academy.local
Isla,White,Isla White,iwhite,iwhite@academy.local,iwhite@academy.local
Charles,Evans,Charles Evans,cevans,cevans@academy.local,cevans@academy.local
Everly,Taghiyev,Everly Taghiyev,etaghiyev4,etaghiyev4@academy.local,etaghiyev4@academy.local
David,Jackson,David Jackson,djackson,djackson@academy.local,djackson@academy.local
Mila,Ramirez,Mila Ramirez,mramirez3,mramirez3@academy.local,mramirez3@academy.local
Hazel,Young,Hazel Young,hyoung,hyoung@academy.local,hyoung@academy.local
Mehmet,Schmidt,Mehmet Schmidt,mschmidt,mschmidt@academy.local,mschmidt@academy.local
Madison,Smith,Madison Smith,msmith2,msmith2@academy.local,msmith2@academy.local
Ulvi,Taghiyev,Ulvi Taghiyev,utaghiyev,utaghiyev@academy.local,utaghiyev@academy.local
Abigail,Rossi,Abigail Rossi,arossi3,arossi3@academy.local,arossi3@academy.local
Michael,Ward,Michael Ward,mward3,mward3@academy.local,mward3@academy.local
Andrew,Phillips,Andrew Phillips,aphillips4,aphillips4@academy.local,aphillips4@academy.local
Victoria,O'Connor,Victoria O'Connor,voconnor,voconnor@academy.local,voconnor@academy.local
Kenji,Thompson,Kenji Thompson,kthompson,kthompson@academy.local,kthompson@academy.local
Jacob,Williams,Jacob Williams,jwilliams,jwilliams@academy.local,jwilliams@academy.local
Lucy,Hernandez,Lucy Hernandez,lhernandez,lhernandez@academy.local,lhernandez@academy.local
Willow,Williams,Willow Williams,wwilliams,wwilliams@academy.local,wwilliams@academy.local
Elvin,Novak,Elvin Novak,enovak2,enovak2@academy.local,enovak2@academy.local
Emma,Brown,Emma Brown,ebrown3,ebrown3@academy.local,ebrown3@academy.local
Arjun,Harris,Arjun Harris,aharris2,aharris2@academy.local,aharris2@academy.local
Robert,Davis,Robert Davis,rdavis3,rdavis3@academy.local,rdavis3@academy.local
Dylan,King,Dylan King,dking2,dking2@academy.local,dking2@academy.local
Owen,Kim,Owen Kim,okim,okim@academy.local,okim@academy.local
Nora,Clark,Nora Clark,nclark,nclark@academy.local,nclark@academy.local
Audrey,Reed,Audrey Reed,areed,areed@academy.local,areed@academy.local
Jin,Popov,Jin Popov,jpopov2,jpopov2@academy.local,jpopov2@academy.local
Matthew,Carter,Matthew Carter,mcarter2,mcarter2@academy.local,mcarter2@academy.local
Carlos,Kim,Carlos Kim,ckim,ckim@academy.local,ckim@academy.local
Olivia,Hasanov,Olivia Hasanov,ohasanov2,ohasanov2@academy.local,ohasanov2@academy.local
Jackson,Brown,Jackson Brown,jbrown,jbrown@academy.local,jbrown@academy.local
Michael,Reyes,Michael Reyes,mreyes,mreyes@academy.local,mreyes@academy.local
Oliver,Davis,Oliver Davis,odavis2,odavis2@academy.local,odavis2@academy.local
Ella,Adams,Ella Adams,eadams,eadams@academy.local,eadams@academy.local
Nathan,Baker,Nathan Baker,nbaker,nbaker@academy.local,nbaker@academy.local
Anya,Williams,Anya Williams,awilliams3,awilliams3@academy.local,awilliams3@academy.local
Emily,Smirnov,Emily Smirnov,esmirnov3,esmirnov3@academy.local,esmirnov3@academy.local
Ella,Schmidt,Ella Schmidt,eschmidt,eschmidt@academy.local,eschmidt@academy.local
Noah,Johnson,Noah Johnson,njohnson,njohnson@academy.local,njohnson@academy.local
Everly,Mammadov,Everly Mammadov,emammadov,emammadov@academy.local,emammadov@academy.local
Hannah,Morgan,Hannah Morgan,hmorgan2,hmorgan2@academy.local,hmorgan2@academy.local
Ali,Carter,Ali Carter,acarter,acarter@academy.local,acarter@academy.local
Camila,Martinez,Camila Martinez,cmartinez,cmartinez@academy.local,cmartinez@academy.local
Ella,Petrov,Ella Petrov,epetrov3,epetrov3@academy.local,epetrov3@academy.local
Claire,Costa,Claire Costa,ccosta,ccosta@academy.local,ccosta@academy.local
Can,Ortiz,Can Ortiz,cortiz,cortiz@academy.local,cortiz@academy.local
Sergei,Silva,Sergei Silva,ssilva,ssilva@academy.local,ssilva@academy.local
Lucy,Parker,Lucy Parker,lparker2,lparker2@academy.local,lparker2@academy.local
Carlos,Guliyev,Carlos Guliyev,cguliyev2,cguliyev2@academy.local,cguliyev2@academy.local
Everly,Fernandez,Everly Fernandez,efernandez4,efernandez4@academy.local,efernandez4@academy.local
Mehmet,Hall,Mehmet Hall,mhall2,mhall2@academy.local,mhall2@academy.local
Carlos,Bennett,Carlos Bennett,cbennett,cbennett@academy.local,cbennett@academy.local
Zain,Ortiz,Zain Ortiz,zortiz,zortiz@academy.local,zortiz@academy.local
Ian,Moore,Ian Moore,imoore,imoore@academy.local,imoore@academy.local
Javid,Kaya,Javid Kaya,jkaya,jkaya@academy.local,jkaya@academy.local
Logan,Parker,Logan Parker,lparker3,lparker3@academy.local,lparker3@academy.local
Sevinc,Parker,Sevinc Parker,sparker2,sparker2@academy.local,sparker2@academy.local
Luna,Rivera,Luna Rivera,lrivera4,lrivera4@academy.local,lrivera4@academy.local
Elizabeth,Lopez,Elizabeth Lopez,elopez2,elopez2@academy.local,elopez2@academy.local
Mia,Jimenez,Mia Jimenez,mjimenez,mjimenez@academy.local,mjimenez@academy.local
Everly,Johnson,Everly Johnson,ejohnson4,ejohnson4@academy.local,ejohnson4@academy.local
